-- Insert Cities
INSERT INTO city (id, name, state, country, pin_codes) VALUES
('11111111-1111-1111-1111-111111111111', 'Chennai', 'Tamil Nadu', 'India', '600001'),
('22222222-2222-2222-2222-222222222222', 'Bangalore', 'Karnataka', 'India', '700001');

-- Insert Movies
INSERT INTO movie (id, name, summary, original_Language, genre, duration, release_date) VALUES
('33333333-3333-3333-3333-333333333333', 'Movie A', 'Action-packed thriller', 'English', 'ACTION', 120, '2025-02-01 00:00:00'),
('44444444-4444-4444-4444-444444444444', 'Movie B', 'Comedy movie', 'Hindi', 'COMEDY', 100, '2025-02-05 00:00:00');

-- Insert Cinemas
INSERT INTO cinema (id, name, status, city_id) VALUES
('55555555-5555-5555-5555-555555555555', 'Cinema 1', 'ACTIVE', '11111111-1111-1111-1111-111111111111'),
('66666666-6666-6666-6666-666666666666', 'Cinema 2', 'ACTIVE', '22222222-2222-2222-2222-222222222222');


-- Insert Screens
INSERT INTO screen (id, name, number_of_seats, cinema_id, status) VALUES
('77777777-7777-7777-7777-777777777777', 'Screen 1', 100, '55555555-5555-5555-5555-555555555555', 'ACTIVE'),
('88888888-8888-8888-8888-888888888888', 'Screen 2', 120, '66666666-6666-6666-6666-666666666666', 'ACTIVE'),
('99999999-8888-7777-9999-999999999999', 'Screen 3', 85, '55555555-5555-5555-5555-555555555555', 'ACTIVE');

INSERT INTO "user" (id, name, email, mobile, city_id) VALUES
('99999999-9999-9999-9999-999999999999', 'User 1', 'user1@example.com', '9876543210', '11111111-1111-1111-1111-111111111111'),
('10101010-1010-1010-1010-101010101010', 'User 2', 'user2@example.com', '9876543211', '22222222-2222-2222-2222-222222222222');


INSERT INTO show (id, movie_id, screen_id, start_time, end_time) VALUES
('11111111-aaaa-aaaa-aaaa-aaaaaaaaaaaa', '33333333-3333-3333-3333-333333333333', '77777777-7777-7777-7777-777777777777',
    DATEADD('MONTH', 1, NOW()), DATEADD('MINUTE', 120, DATEADD('WEEK', 4, NOW()))),
('22222222-bbbb-bbbb-bbbb-bbbbbbbbbbbb', '44444444-4444-4444-4444-444444444444', '88888888-8888-8888-8888-888888888888',
    DATEADD('WEEK', 4, NOW()), DATEADD('MINUTE', 100, DATEADD('WEEK', 4, NOW()))),
('22211111-bbbb-aaaa-aaaa-aaaaaaaaaaaa', '33333333-3333-3333-3333-333333333333', '99999999-8888-7777-9999-999999999999',
    DATEADD('MONTH', 1, NOW()), DATEADD('MINUTE', 120, DATEADD('WEEK', 4, NOW())));

-- Insert Seats
INSERT INTO seat (id, status, row_number, column_number, type, screen_id) VALUES
('12121212-1212-1212-1212-121212121212', 'AVAILABLE', 'A', 1, 'NORMAL', '77777777-7777-7777-7777-777777777777'),
('13131313-1313-1313-1313-131313131313', 'AVAILABLE', 'B', 2, 'PREMIUM', '88888888-8888-8888-8888-888888888888');